size,text
64,電視
46,電視劇
29,香港
19,製作
16,的電視
15,台灣
14,播出
14,製作的
12,的電視劇
11,單元
11,地區
11,編輯
10,列表
9,TVB
9,一詞
9,中國
9,劇集
9,單元劇
9,製作的電視劇
9,連續
8,大陸
8,影集
8,稱呼
8,稱為
8,華視
7,中國大陸
7,片集
7,簡稱
7,美國
7,連續劇
6,方式
6,系列
6,臺灣
6,電影
5,使用
5,喜劇
5,國製作的
5,所製作的
5,收視
5,日本
5,華語電視劇
5,電視台
5,韓國
4,drama
4,不同
4,傳奇
4,分類
4,台視
4,在香港
4,慣用
4,戲劇
4,所製作的電視劇
4,時間
4,相片
4,英語
4,集數
3,一般
3,中視
3,以外
3,作人
3,例如
3,劇會
3,劇的
3,劇種
3,及歐
3,古裝劇
3,名稱
3,因收視
3,國製作的電視劇
3,國電視劇
3,在台灣
3,地區的
3,地域分類
3,多集
3,常見
3,廉政
3,成為
3,新加坡
3,日劇
3,是一
3,會稱為
3,沒有
3,甚少
3,當地
3,的簡稱
3,皇家
3,神話
3,美劇
3,藝術
3,處境
3,通常
3,電視劇主題
3,韓劇
2,ATV
2,一些
2,一字
2,一至
2,一般會
2,一詞稱呼
2,不同地區所製作的
2,之外
2,作的電視劇而加上
2,來源
2,來稱呼
2,例子
2,做每日
2,偶像劇
2,全球
2,八點檔
2,劇和
2,劇在
2,劇而加上該地區的
2,劉伯溫
2,區所製作的電視劇
2,及歐美
2,台前幕後工作人員
2,各地慣用名稱
2,同地區所製作的電
2,周四
2,國片集
2,在中國大陸
2,地區所製作的電視
2,外的
2,夢斷情天
2,大戲
2,家對
2,家都是人
2,對電視
2,屬於
2,年播出
2,年起
2,影響
2,情景喜劇
2,慣用詞
2,成功
2,我們
2,所製作的電視劇而
2,拍劇
2,拍攝
2,按不同地區所製作
2,按地域分類
2,播出之後
2,播出方式
2,改為
2,故事
2,於中
2,於台灣
2,日韓
2,是一種
2,是以
2,普遍
2,東南亞
2,查證
2,條目
2,歐洲
2,民視
2,民間
2,泰國
2,然而
2,特別
2,用法
2,的內容
2,的方式
2,的是
2,的稱
2,的表
2,的電視劇而加上該
2,的電視台
2,目前
2,相對獨立的
2,相片集
2,短篇
2,社會
2,神話劇
2,稱呼之
2,稱連用
2,穿越劇
2,等等
2,系列劇
2,編劇
2,美國製作的電視劇
2,肥皂劇
2,至於
2,臺灣電視劇
2,英國
2,華人
2,處境喜劇
2,製作的電視劇會
2,製作的電視劇而加
2,視劇而加上該地區
2,註釋
2,詞在
2,超過
2,通用
2,鄉土劇
2,長篇
2,開始
2,開播
2,間做
2,除了
2,電影稱
2,電視劇一
2,電視劇主題首頁
2,電視劇播
2,電視劇的
2,電視劇種類
2,電視劇而加上該地
2,電視劇集
2,電視戲劇
2,電視連續劇
2,類戲劇
2,香港人
2,香港以外
2,香港八
2,香港無線電視
2,香港電
2,馬來西亞
2,黃金時間